{
    "name": "root",
    "gauges": {
        "JetAgent_Child_3.Policy.Entropy.mean": {
            "value": 4.715996265411377,
            "min": 4.712530136108398,
            "max": 4.717432498931885,
            "count": 20
        },
        "JetAgent_Child_3.Policy.Entropy.sum": {
            "value": 47084.5078125,
            "min": 46783.4609375,
            "max": 48426.2109375,
            "count": 20
        },
        "JetAgent_Child_3.Step.mean": {
            "value": 199974.0,
            "min": 9962.0,
            "max": 199974.0,
            "count": 20
        },
        "JetAgent_Child_3.Step.sum": {
            "value": 199974.0,
            "min": 9962.0,
            "max": 199974.0,
            "count": 20
        },
        "JetAgent_Child_3.Policy.ExtrinsicValueEstimate.mean": {
            "value": 3.7799925804138184,
            "min": 0.03837727755308151,
            "max": 3.7799925804138184,
            "count": 20
        },
        "JetAgent_Child_3.Policy.ExtrinsicValueEstimate.sum": {
            "value": 604.798828125,
            "min": 6.140364170074463,
            "max": 605.2412109375,
            "count": 20
        },
        "JetAgent_Child_3.Environment.EpisodeLength.mean": {
            "value": 2499.0,
            "min": 649.5,
            "max": 2499.0,
            "count": 20
        },
        "JetAgent_Child_3.Environment.EpisodeLength.sum": {
            "value": 9996.0,
            "min": 2598.0,
            "max": 14994.0,
            "count": 20
        },
        "JetAgent_Child_3.Environment.CumulativeReward.mean": {
            "value": 100.10498840734363,
            "min": 23.00749695301056,
            "max": 100.22998858615756,
            "count": 20
        },
        "JetAgent_Child_3.Environment.CumulativeReward.sum": {
            "value": 400.4199536293745,
            "min": 92.02998781204224,
            "max": 600.389931038022,
            "count": 20
        },
        "JetAgent_Child_3.Policy.ExtrinsicReward.mean": {
            "value": 100.10498840734363,
            "min": 23.00749695301056,
            "max": 100.22998858615756,
            "count": 20
        },
        "JetAgent_Child_3.Policy.ExtrinsicReward.sum": {
            "value": 400.4199536293745,
            "min": 92.02998781204224,
            "max": 600.389931038022,
            "count": 20
        },
        "JetAgent_Child_3.IsTraining.mean": {
            "value": 1.0,
            "min": 1.0,
            "max": 1.0,
            "count": 20
        },
        "JetAgent_Child_3.IsTraining.sum": {
            "value": 1.0,
            "min": 1.0,
            "max": 1.0,
            "count": 20
        },
        "JetAgent_Child_3.Losses.PolicyLoss.mean": {
            "value": 0.026375899529860667,
            "min": 0.02088131276735415,
            "max": 0.02954059511733552,
            "count": 19
        },
        "JetAgent_Child_3.Losses.PolicyLoss.sum": {
            "value": 0.026375899529860667,
            "min": 0.02088131276735415,
            "max": 0.02954059511733552,
            "count": 19
        },
        "JetAgent_Child_3.Losses.ValueLoss.mean": {
            "value": 0.0014904338982887565,
            "min": 0.0012386043672449887,
            "max": 0.29008557051420214,
            "count": 19
        },
        "JetAgent_Child_3.Losses.ValueLoss.sum": {
            "value": 0.0014904338982887565,
            "min": 0.0012386043672449887,
            "max": 0.29008557051420214,
            "count": 19
        },
        "JetAgent_Child_3.Policy.LearningRate.mean": {
            "value": 7.455097515000014e-06,
            "min": 7.455097515000014e-06,
            "max": 0.000284577005141,
            "count": 19
        },
        "JetAgent_Child_3.Policy.LearningRate.sum": {
            "value": 7.455097515000014e-06,
            "min": 7.455097515000014e-06,
            "max": 0.000284577005141,
            "count": 19
        },
        "JetAgent_Child_3.Policy.Epsilon.mean": {
            "value": 0.10248500000000003,
            "min": 0.10248500000000003,
            "max": 0.19485900000000003,
            "count": 19
        },
        "JetAgent_Child_3.Policy.Epsilon.sum": {
            "value": 0.10248500000000003,
            "min": 0.10248500000000003,
            "max": 0.19485900000000003,
            "count": 19
        },
        "JetAgent_Child_3.Policy.Beta.mean": {
            "value": 0.0001340015000000002,
            "min": 0.0001340015000000002,
            "max": 0.0047434641000000015,
            "count": 19
        },
        "JetAgent_Child_3.Policy.Beta.sum": {
            "value": 0.0001340015000000002,
            "min": 0.0001340015000000002,
            "max": 0.0047434641000000015,
            "count": 19
        }
    },
    "metadata": {
        "timer_format_version": "0.1.0",
        "start_time_seconds": "1731779549",
        "python_version": "3.8.20 (default, Oct  3 2024, 15:19:54) [MSC v.1929 64 bit (AMD64)]",
        "command_line_arguments": "C:\\Users\\HamidRezaDev\\anaconda3\\envs\\mlagents_env\\Scripts\\mlagents-learn H:\\PhD - Conscious Particles_2\\Assets\\trainer_config_3.yaml --run-id=JetAgent_Child_3_4_multi_Target --force",
        "mlagents_version": "0.30.0",
        "mlagents_envs_version": "0.30.0",
        "communication_protocol_version": "1.5.0",
        "pytorch_version": "1.13.1",
        "numpy_version": "1.21.2",
        "end_time_seconds": "1731781346"
    },
    "total": 1796.6292319000001,
    "count": 1,
    "self": 0.019270900000037727,
    "children": {
        "run_training.setup": {
            "total": 0.1256252,
            "count": 1,
            "self": 0.1256252
        },
        "TrainerController.start_learning": {
            "total": 1796.4843358,
            "count": 1,
            "self": 1.1931904000034592,
            "children": {
                "TrainerController._reset_env": {
                    "total": 11.4872973,
                    "count": 1,
                    "self": 11.4872973
                },
                "TrainerController.advance": {
                    "total": 1783.3828027999964,
                    "count": 33437,
                    "self": 1.0781194000094274,
                    "children": {
                        "env_step": {
                            "total": 1311.771524799973,
                            "count": 33437,
                            "self": 1149.068849999955,
                            "children": {
                                "SubprocessEnvManager._take_step": {
                                    "total": 161.6562284000016,
                                    "count": 33437,
                                    "self": 3.609251799982985,
                                    "children": {
                                        "TorchPolicy.evaluate": {
                                            "total": 158.0469766000186,
                                            "count": 33359,
                                            "self": 158.0469766000186
                                        }
                                    }
                                },
                                "workers": {
                                    "total": 1.0464464000163023,
                                    "count": 33437,
                                    "self": 0.0,
                                    "children": {
                                        "worker_root": {
                                            "total": 1782.6769261999884,
                                            "count": 33437,
                                            "is_parallel": true,
                                            "self": 732.2475060999664,