{
    "name": "root",
    "gauges": {
        "JetAgent.Policy.Entropy.mean": {
            "value": 2.0268726348876953,
            "min": 2.0268726348876953,
            "max": 3.295522928237915,
            "count": 8
        },
        "JetAgent.Policy.Entropy.sum": {
            "value": 101424.703125,
            "min": 101424.703125,
            "max": 166568.90625,
            "count": 8
        },
        "JetAgent.Environment.EpisodeLength.mean": {
            "value": 54.74916387959866,
            "min": 53.17009750812568,
            "max": 59.65206812652068,
            "count": 8
        },
        "JetAgent.Environment.EpisodeLength.sum": {
            "value": 49110.0,
            "min": 49034.0,
            "max": 49317.0,
            "count": 8
        },
        "JetAgent.Step.mean": {
            "value": 399952.0,
            "min": 49984.0,
            "max": 399952.0,
            "count": 8
        },
        "JetAgent.Step.sum": {
            "value": 399952.0,
            "min": 49984.0,
            "max": 399952.0,
            "count": 8
        },
        "JetAgent.Policy.ExtrinsicValueEstimate.mean": {
            "value": -2.323665142059326,
            "min": -6.723144054412842,
            "max": -2.323665142059326,
            "count": 8
        },
        "JetAgent.Policy.ExtrinsicValueEstimate.sum": {
            "value": -2221.423828125,
            "min": -7368.56591796875,
            "max": -2221.423828125,
            "count": 8
        },
        "JetAgent.Environment.CumulativeReward.mean": {
            "value": -3.027418064517166,
            "min": -22.391598899216547,
            "max": -3.027418064517166,
            "count": 8
        },
        "JetAgent.Environment.CumulativeReward.sum": {
            "value": -2715.594003871898,
            "min": -18405.894295156002,
            "max": -2715.594003871898,
            "count": 8
        },
        "JetAgent.Policy.ExtrinsicReward.mean": {
            "value": -3.027418064517166,
            "min": -22.391598899216547,
            "max": -3.027418064517166,
            "count": 8
        },
        "JetAgent.Policy.ExtrinsicReward.sum": {
            "value": -2715.594003871898,
            "min": -18405.894295156002,
            "max": -2715.594003871898,
            "count": 8
        },
        "JetAgent.Losses.PolicyLoss.mean": {
            "value": 0.026080420180126872,
            "min": 0.020924450270176746,
            "max": 0.02670361088894424,
            "count": 8
        },
        "JetAgent.Losses.PolicyLoss.sum": {
            "value": 0.10432168072050749,
            "min": 0.10432168072050749,
            "max": 0.12129048486725273,
            "count": 8
        },
        "JetAgent.Losses.ValueLoss.mean": {
            "value": 0.7097966422637304,
            "min": 0.7097966422637304,
            "max": 8.731827092170716,
            "count": 8
        },
        "JetAgent.Losses.ValueLoss.sum": {
            "value": 2.8391865690549216,
            "min": 2.8391865690549216,
            "max": 34.927308368682866,
            "count": 8
        },
        "JetAgent.Policy.LearningRate.mean": {
            "value": 7.505032498325e-05,
            "min": 7.505032498325e-05,
            "max": 0.0002846115051295,
            "count": 8
        },
        "JetAgent.Policy.LearningRate.sum": {
            "value": 0.000300201299933,
            "min": 0.000300201299933,
            "max": 0.0012843492718835998,
            "count": 8
        },
        "JetAgent.Policy.Epsilon.mean": {
            "value": 0.12501674999999998,
            "min": 0.12501674999999998,
            "max": 0.19487050000000006,
            "count": 8
        },
        "JetAgent.Policy.Epsilon.sum": {
            "value": 0.5000669999999999,
            "min": 0.5000669999999999,
            "max": 0.9281164,
            "count": 8
        },
        "JetAgent.Policy.Beta.mean": {
            "value": 0.0012583358250000004,
            "min": 0.0012583358250000004,
            "max": 0.004744037949999999,
            "count": 8
        },
        "JetAgent.Policy.Beta.sum": {
            "value": 0.005033343300000001,
            "min": 0.005033343300000001,
            "max": 0.021413008360000003,
            "count": 8
        },
        "JetAgent.IsTraining.mean": {
            "value": 1.0,
            "min": 1.0,
            "max": 1.0,
            "count": 8
        },
        "JetAgent.IsTraining.sum": {
            "value": 1.0,
            "min": 1.0,
            "max": 1.0,
            "count": 8
        }
    },
    "metadata": {
        "timer_format_version": "0.1.0",
        "start_time_seconds": "1726727987",
        "python_version": "3.9.13 (main, Oct 13 2022, 21:23:06) [MSC v.1916 64 bit (AMD64)]",
        "command_line_arguments": "C:\\Users\\HamidRezaDev\\anaconda3\\Scripts\\mlagents-learn --run-id=First_Phase_03 --initialize-from=First_Phase_01 --train --force",
        "mlagents_version": "0.30.0",
        "mlagents_envs_version": "0.30.0",
        "communication_protocol_version": "1.5.0",
        "pytorch_version": "1.12.0+cpu",
        "numpy_version": "1.21.2",
        "end_time_seconds": "1726730766"
    },
    "total": 2778.5218641,
    "count": 1,
    "self": 0.008732600000257662,
    "children": {
        "run_training.setup": {
            "total": 0.2637792999999995,
            "count": 1,
            "self": 0.2637792999999995
        },
        "TrainerController.start_learning": {
            "total": 2778.2493522,
            "count": 1,
            "self": 0.8863317000086681,
            "children": {
                "TrainerController._reset_env": {
                    "total": 5.3712661,
                    "count": 1,
                    "self": 5.3712661
                },
                "TrainerController.advance": {
                    "total": 2769.575454599991,
                    "count": 27514,
                    "self": 0.7908166000406709,
                    "children": {
                        "env_step": {
                            "total": 2133.9605778999503,
                            "count": 27514,
                            "self": 2017.5317225999202,
                            "children": {
                                "SubprocessEnvManager._take_step": {
                                    "total": 115.66442850001087,
                                    "count": 27514,
                                    "self": 2.3248065999974585,
                                    "children": {
                                        "TorchPolicy.evaluate": {
                                            "total": 113.33962190001341,
                                            "count": 22559,
                                            "self": 113.33962190001341
                                        }
                                    }
                                },
                                "workers": {
                                    "total": 0.7644268000192351,
                                    "count": 27513,
                                    "self": 0.0,
                                    "children": {
                                        "worker_root": {
                                            "total": 2703.58693580002,
                                            "count": 27513,
                                            "is_parallel": true,
                                            "self": 833.6179909000184,
                                            "children": {
                                                "steps_from_proto": {
                                                    "total": 0.060463699999999676,
                                                    "count": 1,
                                                    "is_parallel": true,
                                                    "self": 0.00038889999999813796,