{
    "name": "root",
    "gauges": {
        "JetAgent_Child_3.Policy.Entropy.mean": {
            "value": 4.68270206451416,
            "min": 4.68270206451416,
            "max": 4.722684860229492,
            "count": 10
        },
        "JetAgent_Child_3.Policy.Entropy.sum": {
            "value": 46752.09765625,
            "min": 46752.09765625,
            "max": 48144.7265625,
            "count": 10
        },
        "JetAgent_Child_3.Step.mean": {
            "value": 99947.0,
            "min": 9985.0,
            "max": 99947.0,
            "count": 10
        },
        "JetAgent_Child_3.Step.sum": {
            "value": 99947.0,
            "min": 9985.0,
            "max": 99947.0,
            "count": 10
        },
        "JetAgent_Child_3.Policy.ExtrinsicValueEstimate.mean": {
            "value": 0.014399069361388683,
            "min": -0.05816744640469551,
            "max": 0.16539685428142548,
            "count": 10
        },
        "JetAgent_Child_3.Policy.ExtrinsicValueEstimate.sum": {
            "value": 2.3038511276245117,
            "min": -9.248623847961426,
            "max": 26.463497161865234,
            "count": 10
        },
        "JetAgent_Child_3.Environment.EpisodeLength.mean": {
            "value": 2499.0,
            "min": 682.9285714285714,
            "max": 2499.0,
            "count": 10
        },
        "JetAgent_Child_3.Environment.EpisodeLength.sum": {
            "value": 9996.0,
            "min": 5519.0,
            "max": 9996.0,
            "count": 10
        },
        "JetAgent_Child_3.Environment.CumulativeReward.mean": {
            "value": 163.2247300511226,
            "min": 33.76170204694454,
            "max": 2.2685489775901924e+37,
            "count": 10
        },
        "JetAgent_Child_3.Environment.CumulativeReward.sum": {
            "value": 652.8989202044904,
            "min": 317.6582934111357,
            "max": 2.041694079831173e+38,
            "count": 10
        },
        "JetAgent_Child_3.Policy.ExtrinsicReward.mean": {
            "value": 163.2247300511226,
            "min": 33.76170204694454,
            "max": 2.2685489775901924e+37,
            "count": 10
        },
        "JetAgent_Child_3.Policy.ExtrinsicReward.sum": {
            "value": 652.8989202044904,
            "min": 317.6582934111357,
            "max": 2.041694079831173e+38,
            "count": 10
        },
        "JetAgent_Child_3.IsTraining.mean": {
            "value": 1.0,
            "min": 1.0,
            "max": 1.0,
            "count": 10
        },
        "JetAgent_Child_3.IsTraining.sum": {
            "value": 1.0,
            "min": 1.0,
            "max": 1.0,
            "count": 10
        },
        "JetAgent_Child_3.Losses.PolicyLoss.mean": {
            "value": 0.03205969121772796,
            "min": 0.0,
            "max": 0.03205969121772796,
            "count": 9
        },
        "JetAgent_Child_3.Losses.PolicyLoss.sum": {
            "value": 0.03205969121772796,
            "min": 0.0,
            "max": 0.03205969121772796,
            "count": 9
        },
        "JetAgent_Child_3.Losses.ValueLoss.mean": {
            "value": 0.980956518650055,
            "min": 0.8000793218612671,
            "max": Infinity,
            "count": 9
        },
        "JetAgent_Child_3.Losses.ValueLoss.sum": {
            "value": 0.980956518650055,
            "min": 0.8000793218612671,
            "max": Infinity,
            "count": 9
        },
        "JetAgent_Child_3.Policy.LearningRate.mean": {
            "value": 2.2863092378999996e-05,
            "min": 2.2863092378999996e-05,
            "max": 0.00026909701030099995,
            "count": 9
        },
        "JetAgent_Child_3.Policy.LearningRate.sum": {
            "value": 2.2863092378999996e-05,
            "min": 2.2863092378999996e-05,
            "max": 0.00026909701030099995,
            "count": 9
        },
        "JetAgent_Child_3.Policy.Epsilon.mean": {
            "value": 0.107621,
            "min": 0.107621,
            "max": 0.189699,
            "count": 9
        },
        "JetAgent_Child_3.Policy.Epsilon.sum": {
            "value": 0.107621,
            "min": 0.107621,
            "max": 0.189699,
            "count": 9
        },
        "JetAgent_Child_3.Policy.Beta.mean": {
            "value": 0.00039028789999999994,
            "min": 0.00039028789999999994,
            "max": 0.0044859801,
            "count": 9
        },
        "JetAgent_Child_3.Policy.Beta.sum": {
            "value": 0.00039028789999999994,
            "min": 0.00039028789999999994,
            "max": 0.0044859801,
            "count": 9
        }
    },
    "metadata": {
        "timer_format_version": "0.1.0",
        "start_time_seconds": "1731666404",
        "python_version": "3.8.20 (default, Oct  3 2024, 15:19:54) [MSC v.1929 64 bit (AMD64)]",
        "command_line_arguments": "C:\\Users\\HamidRezaDev\\anaconda3\\envs\\mlagents_env\\Scripts\\mlagents-learn H:\\PhD - Conscious Particles_2\\Assets\\trainer_config_3.yaml --run-id=JetAgent_Child_3_2_multi_Target --train --force",
        "mlagents_version": "0.30.0",
        "mlagents_envs_version": "0.30.0",
        "communication_protocol_version": "1.5.0",
        "pytorch_version": "1.13.1",
        "numpy_version": "1.21.2",
        "end_time_seconds": "1731667380"
    },
    "total": 976.5447195,
    "count": 1,
    "self": 0.019827100000043174,
    "children": {
        "run_training.setup": {
            "total": 0.12195430000000007,
            "count": 1,
            "self": 0.12195430000000007
        },
        "TrainerController.start_learning": {
            "total": 976.4029381,
            "count": 1,
            "self": 0.5914667999934409,
            "children": {
                "TrainerController._reset_env": {
                    "total": 10.4070587,
                    "count": 1,
                    "self": 10.4070587
                },
                "TrainerController.advance": {
                    "total": 964.8306666000066,
                    "count": 16733,
                    "self": 0.5195878999975321,
                    "children": {
                        "env_step": {
                            "total": 739.7373075000078,
                            "count": 16733,
                            "self": 660.7106714000016,
                            "children": {
                                "SubprocessEnvManager._take_step": {
                                    "total": 78.50183350000106,
                                    "count": 16733,
                                    "self": 1.6986432999982952,
                                    "children": {
                                        "TorchPolicy.evaluate": {
                                            "total": 76.80319020000276,
                                            "count": 16685,
                                            "self": 76.80319020000276
                                        }
                                    }
                                },
                                "workers": {
                                    "total": 0.5248026000050761,
                                    "count": 16733,
                                    "self": 0.0,
                                    "children": {
                                        "worker_root": {
                                            "total": 964.5856756999924,
                                            "count": 16733,
                                            "is_parallel": true,
                                            "self": 350.38261499998896,