{
    "name": "root",
    "gauges": {
        "JetAgent_Child_3.Policy.Entropy.mean": {
            "value": 4.499429225921631,
            "min": 4.494469165802002,
            "max": 4.650932788848877,
            "count": 18
        },
        "JetAgent_Child_3.Policy.Entropy.sum": {
            "value": 44922.30078125,
            "min": 44648.953125,
            "max": 46281.265625,
            "count": 18
        },
        "JetAgent_Child_3.Step.mean": {
            "value": 199946.0,
            "min": 29954.0,
            "max": 199946.0,
            "count": 18
        },
        "JetAgent_Child_3.Step.sum": {
            "value": 199946.0,
            "min": 29954.0,
            "max": 199946.0,
            "count": 18
        },
        "JetAgent_Child_3.Policy.ExtrinsicValueEstimate.mean": {
            "value": 0.015340914949774742,
            "min": -0.047475457191467285,
            "max": 0.015340914949774742,
            "count": 18
        },
        "JetAgent_Child_3.Policy.ExtrinsicValueEstimate.sum": {
            "value": 2.3931827545166016,
            "min": -7.691023826599121,
            "max": 2.3931827545166016,
            "count": 18
        },
        "JetAgent_Child_3.IsTraining.mean": {
            "value": 1.0,
            "min": 1.0,
            "max": 1.0,
            "count": 18
        },
        "JetAgent_Child_3.IsTraining.sum": {
            "value": 1.0,
            "min": 1.0,
            "max": 1.0,
            "count": 18
        },
        "JetAgent_Child_3.Losses.PolicyLoss.mean": {
            "value": 0.01955847441252748,
            "min": 0.0182888968847692,
            "max": 0.03106103190802969,
            "count": 17
        },
        "JetAgent_Child_3.Losses.PolicyLoss.sum": {
            "value": 0.01955847441252748,
            "min": 0.0182888968847692,
            "max": 0.03106103190802969,
            "count": 17
        },
        "JetAgent_Child_3.Losses.ValueLoss.mean": {
            "value": 0.6478688498338063,
            "min": 0.6343872010707855,
            "max": 0.7022925754388173,
            "count": 17
        },
        "JetAgent_Child_3.Losses.ValueLoss.sum": {
            "value": 0.6478688498338063,
            "min": 0.6343872010707855,
            "max": 0.7022925754388173,
            "count": 17
        },
        "JetAgent_Child_3.Policy.LearningRate.mean": {
            "value": 4.113098629000002e-06,
            "min": 4.113098629000002e-06,
            "max": 0.00025334101555299994,
            "count": 17
        },
        "JetAgent_Child_3.Policy.LearningRate.sum": {
            "value": 4.113098629000002e-06,
            "min": 4.113098629000002e-06,
            "max": 0.00025334101555299994,
            "count": 17
        },
        "JetAgent_Child_3.Policy.Epsilon.mean": {
            "value": 0.10137099999999998,
            "min": 0.10137099999999998,
            "max": 0.1844470000000001,
            "count": 17
        },
        "JetAgent_Child_3.Policy.Epsilon.sum": {
            "value": 0.10137099999999998,
            "min": 0.10137099999999998,
            "max": 0.1844470000000001,
            "count": 17
        },
        "JetAgent_Child_3.Policy.Beta.mean": {
            "value": 7.841289999999996e-05,
            "min": 7.841289999999996e-05,
            "max": 0.0042239053,
            "count": 17
        },
        "JetAgent_Child_3.Policy.Beta.sum": {
            "value": 7.841289999999996e-05,
            "min": 7.841289999999996e-05,
            "max": 0.0042239053,
            "count": 17
        },
        "JetAgent_Child_3.Environment.EpisodeLength.mean": {
            "value": 2499.0,
            "min": 2499.0,
            "max": 2499.0,
            "count": 11
        },
        "JetAgent_Child_3.Environment.EpisodeLength.sum": {
            "value": 14994.0,
            "min": 14994.0,
            "max": 14994.0,
            "count": 11
        },
        "JetAgent_Child_3.Environment.CumulativeReward.mean": {
            "value": 141.56938627610603,
            "min": 139.90596679629138,
            "max": 142.81366868938008,
            "count": 11
        },
        "JetAgent_Child_3.Environment.CumulativeReward.sum": {
            "value": 849.4163176566362,
            "min": 839.4358007777482,
            "max": 856.8820121362805,
            "count": 11
        },
        "JetAgent_Child_3.Policy.ExtrinsicReward.mean": {
            "value": 141.56938627610603,
            "min": 139.90596679629138,
            "max": 142.81366868938008,
            "count": 11
        },
        "JetAgent_Child_3.Policy.ExtrinsicReward.sum": {
            "value": 849.4163176566362,
            "min": 839.4358007777482,
            "max": 856.8820121362805,
            "count": 11
        }
    },
    "metadata": {
        "timer_format_version": "0.1.0",
        "start_time_seconds": "1731669320",
        "python_version": "3.8.20 (default, Oct  3 2024, 15:19:54) [MSC v.1929 64 bit (AMD64)]",
        "command_line_arguments": "C:\\Users\\HamidRezaDev\\anaconda3\\envs\\mlagents_env\\Scripts\\mlagents-learn H:\\PhD - Conscious Particles_2\\Assets\\trainer_config_3.yaml --initialize-from=JetAgent_Child_3_2_multi_Target --run-id=JetAgent_Child_3_3_multi_Target --train --resume",
        "mlagents_version": "0.30.0",
        "mlagents_envs_version": "0.30.0",
        "communication_protocol_version": "1.5.0",
        "pytorch_version": "1.13.1",
        "numpy_version": "1.21.2",
        "end_time_seconds": "1731670886"
    },
    "total": 1565.7383692,
    "count": 1,
    "self": 0.018596999999999753,
    "children": {
        "run_training.setup": {
            "total": 0.1844011000000001,
            "count": 1,
            "self": 0.1844011000000001
        },
        "TrainerController.start_learning": {
            "total": 1565.5353711,
            "count": 1,
            "self": 0.9037929000116947,
            "children": {
                "TrainerController._reset_env": {
                    "total": 7.6120339,
                    "count": 1,
                    "self": 7.6120339
                },
                "TrainerController.advance": {
                    "total": 1556.5727164999885,
                    "count": 29932,
                    "self": 0.8074491999827842,
                    "children": {
                        "env_step": {
                            "total": 1158.6297958999864,
                            "count": 29932,
                            "self": 1025.6441092999996,
                            "children": {
                                "SubprocessEnvManager._take_step": {
                                    "total": 132.15440369999982,
                                    "count": 29932,
                                    "self": 2.6444080999970083,
                                    "children": {
                                        "TorchPolicy.evaluate": {
                                            "total": 129.5099956000028,
                                            "count": 29932,
                                            "self": 129.5099956000028
                                        }
                                    }
                                },
                                "workers": {
                                    "total": 0.831282899987098,
                                    "count": 29932,
                                    "self": 0.0,
                                    "children": {
                                        "worker_root": {
                                            "total": 1556.0896713999882,
                                            "count": 29932,
                                            "is_parallel": true,