{
    "name": "root",
    "gauges": {
        "JetAgent_Child_3.Policy.Entropy.mean": {
            "value": 4.297761917114258,
            "min": 4.297761917114258,
            "max": 4.297761917114258,
            "count": 1
        },
        "JetAgent_Child_3.Policy.Entropy.sum": {
            "value": 43115.1484375,
            "min": 43115.1484375,
            "max": 43115.1484375,
            "count": 1
        },
        "JetAgent_Child_3.Environment.EpisodeLength.mean": {
            "value": 7.974887892376682,
            "min": 7.974887892376682,
            "max": 7.974887892376682,
            "count": 1
        },
        "JetAgent_Child_3.Environment.EpisodeLength.sum": {
            "value": 8892.0,
            "min": 8892.0,
            "max": 8892.0,
            "count": 1
        },
        "JetAgent_Child_3.Step.mean": {
            "value": 9998.0,
            "min": 9998.0,
            "max": 9998.0,
            "count": 1
        },
        "JetAgent_Child_3.Step.sum": {
            "value": 9998.0,
            "min": 9998.0,
            "max": 9998.0,
            "count": 1
        },
        "JetAgent_Child_3.Policy.ExtrinsicValueEstimate.mean": {
            "value": -4.612672805786133,
            "min": -4.612672805786133,
            "max": -4.612672805786133,
            "count": 1
        },
        "JetAgent_Child_3.Policy.ExtrinsicValueEstimate.sum": {
            "value": -5138.517578125,
            "min": -5138.517578125,
            "max": -5138.517578125,
            "count": 1
        },
        "JetAgent_Child_3.Environment.CumulativeReward.mean": {
            "value": -6.368814973043582,
            "min": -6.368814973043582,
            "max": -6.368814973043582,
            "count": 1
        },
        "JetAgent_Child_3.Environment.CumulativeReward.sum": {
            "value": -7094.8598799705505,
            "min": -7094.8598799705505,
            "max": -7094.8598799705505,
            "count": 1
        },
        "JetAgent_Child_3.Policy.ExtrinsicReward.mean": {
            "value": -6.368814973043582,
            "min": -6.368814973043582,
            "max": -6.368814973043582,
            "count": 1
        },
        "JetAgent_Child_3.Policy.ExtrinsicReward.sum": {
            "value": -7094.8598799705505,
            "min": -7094.8598799705505,
            "max": -7094.8598799705505,
            "count": 1
        },
        "JetAgent_Child_3.IsTraining.mean": {
            "value": 1.0,
            "min": 1.0,
            "max": 1.0,
            "count": 1
        },
        "JetAgent_Child_3.IsTraining.sum": {
            "value": 1.0,
            "min": 1.0,
            "max": 1.0,
            "count": 1
        }
    },
    "metadata": {
        "timer_format_version": "0.1.0",
        "start_time_seconds": "1731929504",
        "python_version": "3.8.20 (default, Oct  3 2024, 15:19:54) [MSC v.1929 64 bit (AMD64)]",
        "command_line_arguments": "C:\\Users\\HamidRezaDev\\anaconda3\\envs\\mlagents_env\\Scripts\\mlagents-learn H:\\PhD - Conscious Particles_2\\Assets\\trainer_config_3.yaml --initialize-from=JetAgent_Child_3_7_multi_Target --run-id=JetAgent_Child_3_8_multi_Target --force",
        "mlagents_version": "0.30.0",
        "mlagents_envs_version": "0.30.0",
        "communication_protocol_version": "1.5.0",
        "pytorch_version": "1.13.1",
        "numpy_version": "1.21.2",
        "end_time_seconds": "1731929691"
    },
    "total": 186.3964776,
    "count": 1,
    "self": 0.00965149999998971,
    "children": {
        "run_training.setup": {
            "total": 0.13107749999999996,
            "count": 1,
            "self": 0.13107749999999996
        },
        "TrainerController.start_learning": {
            "total": 186.2557486,
            "count": 1,
            "self": 0.1063220999996588,
            "children": {
                "TrainerController._reset_env": {
                    "total": 9.7597503,
                    "count": 1,
                    "self": 9.7597503
                },
                "TrainerController.advance": {
                    "total": 176.01505240000034,
                    "count": 3321,
                    "self": 0.09098210000030349,
                    "children": {
                        "env_step": {
                            "total": 149.1445451999997,
                            "count": 3321,
                            "self": 139.52836729999927,
                            "children": {
                                "SubprocessEnvManager._take_step": {
                                    "total": 9.526650100000156,
                                    "count": 3321,
                                    "self": 0.19797719999999153,
                                    "children": {
                                        "TorchPolicy.evaluate": {
                                            "total": 9.328672900000164,
                                            "count": 2313,
                                            "self": 9.328672900000164
                                        }
                                    }
                                },
                                "workers": {
                                    "total": 0.0895278000002726,
                                    "count": 3320,
                                    "self": 0.0,
                                    "children": {
                                        "worker_root": {
                                            "total": 112.9233636999996,
                                            "count": 3320,
                                            "is_parallel": true,
                                            "self": 43.62919659999962,
                                            "children": {
                                                "steps_from_proto": {
                                                    "total": 0.043406100000000336,
                                                    "count": 1,
                                                    "is_parallel": true,
                                                    "self": 0.0003437000000037216,
                                                    "children": {
                                                        "_process_maybe_compressed_observation": {
                                                            "total": 0.04288139999999707,
                                                            "count": 2,
                                                            "is_parallel": true,
                                                            "self": 0.0005561999999947886,
                                                            "children": {
                                                                "_observation_to_np_array": {
                                                                    "total": 0.04232520000000228,
                                                                    "count": 6,
                                                                    "is_parallel": true,
                                                                    "self": 0.00023180000000166956,
                                                                    "children": {
                                                                        "process_pixels": {
                                                                            "total": 0.042093400000000614,
                                                                            "count": 6,
                                                                            "is_parallel": true,
                                                                            "self": 0.005565100000008982,