{
    "name": "root",
    "gauges": {
        "JetAgent_Child_3.Policy.Entropy.mean": {
            "value": 4.667632102966309,
            "min": 4.66706657409668,
            "max": 4.719620227813721,
            "count": 20
        },
        "JetAgent_Child_3.Policy.Entropy.sum": {
            "value": 46713.66015625,
            "min": 46622.4921875,
            "max": 47892.23046875,
            "count": 20
        },
        "JetAgent_Child_3.Step.mean": {
            "value": 199981.0,
            "min": 9947.0,
            "max": 199981.0,
            "count": 20
        },
        "JetAgent_Child_3.Step.sum": {
            "value": 199981.0,
            "min": 9947.0,
            "max": 199981.0,
            "count": 20
        },
        "JetAgent_Child_3.Policy.ExtrinsicValueEstimate.mean": {
            "value": 0.30731865763664246,
            "min": -1.3237003087997437,
            "max": 0.30731865763664246,
            "count": 20
        },
        "JetAgent_Child_3.Policy.ExtrinsicValueEstimate.sum": {
            "value": 49.785621643066406,
            "min": -213.11575317382812,
            "max": 49.785621643066406,
            "count": 20
        },
        "JetAgent_Child_3.Environment.EpisodeLength.mean": {
            "value": 2499.0,
            "min": 268.45714285714286,
            "max": 2499.0,
            "count": 20
        },
        "JetAgent_Child_3.Environment.EpisodeLength.sum": {
            "value": 14994.0,
            "min": 4998.0,
            "max": 14994.0,
            "count": 20
        },
        "JetAgent_Child_3.Environment.CumulativeReward.mean": {
            "value": 12.440542304888368,
            "min": -12.362904751125503,
            "max": 13.069820303469896,
            "count": 20
        },
        "JetAgent_Child_3.Environment.CumulativeReward.sum": {
            "value": 74.6432538293302,
            "min": -420.33876153826714,
            "max": 74.6432538293302,
            "count": 20
        },
        "JetAgent_Child_3.Policy.ExtrinsicReward.mean": {
            "value": 12.440542304888368,
            "min": -12.362904751125503,
            "max": 13.069820303469896,
            "count": 20
        },
        "JetAgent_Child_3.Policy.ExtrinsicReward.sum": {
            "value": 74.6432538293302,
            "min": -420.33876153826714,
            "max": 74.6432538293302,
            "count": 20
        },
        "JetAgent_Child_3.IsTraining.mean": {
            "value": 1.0,
            "min": 1.0,
            "max": 1.0,
            "count": 20
        },
        "JetAgent_Child_3.IsTraining.sum": {
            "value": 1.0,
            "min": 1.0,
            "max": 1.0,
            "count": 20
        },
        "JetAgent_Child_3.Losses.PolicyLoss.mean": {
            "value": 0.0246949075255543,
            "min": 0.015930097508680775,
            "max": 0.030387379840249196,
            "count": 19
        },
        "JetAgent_Child_3.Losses.PolicyLoss.sum": {
            "value": 0.0246949075255543,
            "min": 0.015930097508680775,
            "max": 0.030387379840249196,
            "count": 19
        },
        "JetAgent_Child_3.Losses.ValueLoss.mean": {
            "value": 0.4220320224761963,
            "min": 0.39603477716445923,
            "max": 1.8839303930600484,
            "count": 19
        },
        "JetAgent_Child_3.Losses.ValueLoss.sum": {
            "value": 0.4220320224761963,
            "min": 0.39603477716445923,
            "max": 1.8839303930600484,
            "count": 19
        },
        "JetAgent_Child_3.Policy.LearningRate.mean": {
            "value": 7.540597486500004e-06,
            "min": 7.540597486500004e-06,
            "max": 0.0002846055051315,
            "count": 19
        },
        "JetAgent_Child_3.Policy.LearningRate.sum": {
            "value": 7.540597486500004e-06,
            "min": 7.540597486500004e-06,
            "max": 0.0002846055051315,
            "count": 19
        },
        "JetAgent_Child_3.Policy.Epsilon.mean": {
            "value": 0.10251350000000002,
            "min": 0.10251350000000002,
            "max": 0.19486850000000003,
            "count": 19
        },
        "JetAgent_Child_3.Policy.Epsilon.sum": {
            "value": 0.10251350000000002,
            "min": 0.10251350000000002,
            "max": 0.19486850000000003,
            "count": 19
        },
        "JetAgent_Child_3.Policy.Beta.mean": {
            "value": 0.00013542365000000008,
            "min": 0.00013542365000000008,
            "max": 0.004743938149999999,
            "count": 19
        },
        "JetAgent_Child_3.Policy.Beta.sum": {
            "value": 0.00013542365000000008,
            "min": 0.00013542365000000008,
            "max": 0.004743938149999999,
            "count": 19
        }
    },
    "metadata": {
        "timer_format_version": "0.1.0",
        "start_time_seconds": "1731894672",
        "python_version": "3.8.20 (default, Oct  3 2024, 15:19:54) [MSC v.1929 64 bit (AMD64)]",
        "command_line_arguments": "C:\\Users\\HamidRezaDev\\anaconda3\\envs\\mlagents_env\\Scripts\\mlagents-learn H:\\PhD - Conscious Particles_2\\Assets\\trainer_config_3.yaml --run-id=JetAgent_Child_3_6_multi_Target --force",
        "mlagents_version": "0.30.0",
        "mlagents_envs_version": "0.30.0",
        "communication_protocol_version": "1.5.0",
        "pytorch_version": "1.13.1",
        "numpy_version": "1.21.2",
        "end_time_seconds": "1731896072"
    },
    "total": 1399.951022,
    "count": 1,
    "self": 0.01813149999975394,
    "children": {
        "run_training.setup": {
            "total": 0.12726930000000003,
            "count": 1,
            "self": 0.12726930000000003
        },
        "TrainerController.start_learning": {
            "total": 1399.8056212000001,
            "count": 1,
            "self": 1.08820749999677,
            "children": {
                "TrainerController._reset_env": {
                    "total": 10.1532283,
                    "count": 1,
                    "self": 10.1532283
                },
                "TrainerController.advance": {
                    "total": 1388.2885786000036,
                    "count": 33480,
                    "self": 1.0154011000010996,
                    "children": {
                        "env_step": {
                            "total": 920.7523367000099,
                            "count": 33480,
                            "self": 764.5114499000264,
                            "children": {
                                "SubprocessEnvManager._take_step": {
                                    "total": 155.22005179997797,
                                    "count": 33480,
                                    "self": 3.275296599958608,
                                    "children": {
                                        "TorchPolicy.evaluate": {
                                            "total": 151.94475520001936,
                                            "count": 33374,
                                            "self": 151.94475520001936
                                        }
                                    }
                                },
                                "workers": {
                                    "total": 1.0208350000055297,
                                    "count": 33480,
                                    "self": 0.0,
                                    "children": {
                                        "worker_root": {
                                            "total": 1387.6334614999773,
                                            "count": 33480,
                                            "is_parallel": true,